"Name","IconSWF","IconFile","UnlockArena","UnlockLevel","Rarity","ManaCost","ManaCostFromSummonerMana","NotInUse","Mirror","CustomDeployTime","SummonCharacter","SummonNumber","SummonCharacterLevelIndex","SummonCharacterSecond","SummonCharacterSecondCount","SummonRadius","SummonDeployDelay","CharacterSkin","CharacterSkin2","Radius","Height","Projectile","SpellAsDeploy","CanPlaceOnBuildings","InstantDamage","DurationSeconds","InstantHeal","HealPerSecond","Effect","Pushback","MultipleProjectiles","CustomFirstProjectile","BuffTime","BuffTimeIncreasePerLevel","BuffNumber","BuffType","BuffOnDamage","OnlyOwnTroops","OnlyEnemies","CanDeployOnEnemySide","TouchdownLimitedDeploy","CastSound","AreaEffectObject","TID","TID_INFO","IndicatorFileName","IndicatorEffect","HideRadiusIndicator","DestIndicatorEffect","ReleaseDate","ElixirProductionStopTime","DarkMirror","StatsUnderInfo","HeroAbility"
"string","string","string","string","int","string","int","boolean","boolean","boolean","int","string","int","int","string","int","int","int","string","string","int","int","string","boolean","boolean","int","int","int","int","string","int","int","string","int","int","int","string","string","boolean","boolean","boolean","boolean","string","string","string","string","String","String","boolean","String","String","int","boolean","boolean","String"
"Knight",,"knight","TrainingCamp",,"Common",3,,,,,"Knight",,,,,,,,,,,,,,,,,,"CharacterDeploy",,,,,,,,,,,,,,,"TID_SPELL_KNIGHT","TID_SPELL_INFO_KNIGHT",,,,,,,,,
"Archer",,"archers","TrainingCamp",,"Common",3,,,,,"Archer",2,,,,,,,,,,,,,,,,,"CharacterDeploy",,,,,,,,,,,,,,,"TID_SPELL_ARCHERS","TID_SPELL_INFO_ARCHERS",,,,,,,,,
"Goblins",,"goblins","TrainingCamp",,"Common",2,,,,,"Goblin",3,,,,,,,,,,,,,,,,,"CharacterDeploy",,,,,,,,,,,,,,,"TID_SPELL_GOBLINS","TID_SPELL_INFO_GOBLINS",,,,,,,,,
"Giant",,"giant","TrainingCamp",,"Rare",5,,,,,"Giant",,,,,,,,,,,,,,,,,,"CharacterDeploy",,,,,,,,,"true",,,,,,"TID_SPELL_GIANT","TID_SPELL_INFO_GIANT",,,,,,,,,
"Pekka",,"pekka","TrainingCamp",,"Epic",7,,,,,"Pekka",,,,,,,,,,,,,,,,,,"CharacterDeploy",,,,,,,,,"true",,,,,,"TID_SPELL_PEKKA","TID_SPELL_INFO_PEKKA",,,,,,,,,
"Minions",,"minion","TrainingCamp",,"Common",3,,,,,"Minion",3,,,,,,,,,,,,,,,,,"CharacterDeploy",,,,,,,,,,,,,,,"TID_SPELL_MINIONS","TID_SPELL_INFO_MINIONS",,,,,,,,,
"Balloon",,"chr_balloon","TrainingCamp",,"Epic",5,,,,,"Balloon",,,,,,,,,,,,,,,,,,"CharacterDeploy",,,,,,,,,,,,,,,"TID_SPELL_BALLOON","TID_SPELL_INFO_BALLOON",,,,,,,,,
"Witch",,"chr_witch","TrainingCamp",,"Epic",5,,,,,"Witch",,,,,,,,,,,,,,,,,,"CharacterDeploy",,,,,,,,,"true",,,,,,"TID_SPELL_WITCH","TID_SPELL_INFO_WITCH",,,,,,,,,
"Barbarians",,"barbarians","TrainingCamp",,"Common",5,,,,,"Barbarian",4,,,,,,,,,,,,,,,,,"CharacterDeploy",,,,,,,,,,,,,,,"TID_SPELL_BARBARIANS","TID_SPELL_INFO_BARBARIANS",,,,,,,,,
"Golem",,"chr_golem","TrainingCamp",,"Epic",8,,,,,"Golem",,,,,,,,,,,,,,,,,,"CharacterDeploy",,,,,,,,,"true",,,,,,"TID_SPELL_GOLEM","TID_SPELL_INFO_GOLEM",,,,,,,,,
"Skeletons",,"skeletons","TrainingCamp",,"Common",1,,,,,"Skeleton",3,,,,700,,,,,,,,,,,,,"CharacterDeploy",,,,,,,,,,,,,,,"TID_SPELL_SKELETONS","TID_SPELL_INFO_SKELETONS",,,,,,,,,
"Valkyrie",,"valkyrie","TrainingCamp",,"Rare",4,,,,,"Valkyrie",,,,,,,,,,,,,,,,,,"CharacterDeploy",,,,,,,,,,,,,,,"TID_SPELL_VALKYRIE","TID_SPELL_INFO_VALKYRIE",,,,,,,,,
"SkeletonArmy",,"skeleton_horde","TrainingCamp",,"Epic",3,,,,,"Skeleton",14,5,,,,,,,,,,,,,,,,"CharacterDeploy",,,,,,,,,,,,,,,"TID_SPELL_SKELETON_HORDE","TID_SPELL_INFO_SKELETON_HORDE",,,,,,,,"true",
"Bomber",,"bomber","TrainingCamp",,"Common",3,,,,,"Bomber",,,,,,,,,,,,,,,,,,"CharacterDeploy",,,,,,,,,,,,,,,"TID_SPELL_BOMBER","TID_SPELL_INFO_BOMBER",,,,,,,,,
"Musketeer",,"musketeer","TrainingCamp",,"Rare",4,,,,,"Musketeer",,,,,,,,,,,,,,,,,,"CharacterDeploy",,,,,,,,,,,,,,,"TID_SPELL_MUSKETEER","TID_SPELL_INFO_MUSKETEER",,,,,,,,,
"BabyDragon",,"baby_dragon","TrainingCamp",,"Epic",4,,,,,"BabyDragon",,,,,,,,,,,,,,,,,,"CharacterDeploy",,,,,,,,,,,,,,,"TID_SPELL_BABY_DRAGON","TID_SPELL_INFO_BABY_DRAGON",,,,,,,,,
"Prince",,"prince","TrainingCamp",,"Epic",5,,,,,"Prince",,,,,,,,,,,,,,,,,,"CharacterDeploy",,,,,,,,,,,,,,,"TID_SPELL_PRINCE","TID_SPELL_INFO_PRINCE",,,,,,,,,
"Wizard",,"wizard","TrainingCamp",,"Rare",5,,,,,"Wizard",,,,,,,,,,,,,,,,,,"CharacterDeploy",,,,,,,,,,,,,,,"TID_SPELL_WIZARD","TID_SPELL_INFO_WIZARD",,,,,,,,,
"MiniPekka",,"mini_pekka","TrainingCamp",,"Rare",4,,,,,"MiniPekka",,,,,,,,,,,,,,,,,,"CharacterDeploy",,,,,,,,,"true",,,,,,"TID_SPELL_MINIPEKKA","TID_SPELL_INFO_MINIPEKKA",,,,,,,,,
"SpearGoblins",,"goblin_archer","TrainingCamp",,"Common",2,,,,,"SpearGoblin",3,,,,,,,,,,,,,,,,,"CharacterDeploy",,,,,,,,,,,,,,,"TID_SPELL_SPEAR_GOBLINS","TID_SPELL_INFO_SPEAR_GOBLINS",,,,,,,,,
"GiantSkeleton",,"giant_skeleton","TrainingCamp",,"Epic",6,,,,,"GiantSkeleton",1,,,,,,,,,,,,,,,,,"CharacterDeploy",,,,,,,,,,,,,,,"TID_SPELL_GIANT_SKELETON","TID_SPELL_INFO_GIANT_SKELETON",,,,,,,,,
"HogRider",,"hog_rider","TrainingCamp",,"Rare",4,,,,,"HogRider",1,,,,,,,,,,,,,,,,,"CharacterDeploy",,,,,,,,,,,,,,,"TID_SPELL_HOG_RIDER","TID_SPELL_INFO_HOG_RIDER",,,,,,,,,
"MinionHorde",,"minion_horde","TrainingCamp",,"Common",5,,,,,"Minion",6,,,,,,,,,,,,,,,,,"CharacterDeploy",,,,,,,,,,,,,,,"TID_SPELL_MINION_HORDE","TID_SPELL_INFO_MINION_HORDE",,,,,,,,,
"IceWizard",,"ice_wizard","TrainingCamp",,"Legendary",3,,,,,"IceWizard",,,,,,,,,,,,,,,,,,"CharacterDeploy",,,,,,,,,,,,,,,"TID_SPELL_ICE_WIZARD","TID_SPELL_INFO_ICE_WIZARD",,,,,,,,,
"RoyalGiant",,"royal_giant","TrainingCamp",,"Common",6,,,,,"RoyalGiant",,,,,,,,,,,,,,,,,,"CharacterDeploy",,,,,,,,,,,,,,,"TID_SPELL_ROYAL_GIANT","TID_SPELL_INFO_ROYAL_GIANT",,,,,,,,,
"SkeletonWarriors",,"skeleton_warriors","TrainingCamp",,"Epic",3,,,,,"SkeletonWarrior",3,,,,,,,,,,,,,,,,,"CharacterDeploy",,,,,,,,,,,,,,,"TID_SPELL_SKELETON_WARRIORS","TID_SPELL_INFO_SKELETON_WARRIORS",,,,,,,,,
"Princess",,"princess","TrainingCamp",,"Legendary",3,,,,,"Princess",,,,,,,,,,,,,,,,,,"CharacterDeploy",,,,,,,,,,,,,,,"TID_SPELL_PRINCESS","TID_SPELL_INFO_PRINCESS",,,,,,,,,
"DarkPrince",,"dark_prince","TrainingCamp",,"Epic",4,,,,,"DarkPrince",,,,,,,,,,,,,,,,,,"CharacterDeploy",,,,,,,,,,,,,,,"TID_SPELL_DARK_PRINCE","TID_SPELL_INFO_DARK_PRINCE",,,,,,,,,
"ThreeMusketeers",,"three_musketeers","TrainingCamp",,"Rare",9,,,,,"Musketeer",3,,,,,,,,,,,,,,,,,"CharacterDeploy",,,,,,,,,,,,,,,"TID_SPELL_THREE_MUSKETEERS","TID_SPELL_INFO_THREE_MUSKETEERS",,,,,,,,,
"LavaHound",,"lava_hound","TrainingCamp",,"Legendary",7,,,,,"LavaHound",,,,,,,,,,,,,,,,,,"CharacterDeploy",,,,,,,,,,,,,,,"TID_SPELL_LAVA_HOUND","TID_SPELL_INFO_LAVA_HOUND",,,,,,,,,
"IceSpirits",,"snow_spirits","TrainingCamp",,"Common",1,,,,,"IceSpirits",1,,,,,,,,,,,,,,,,,"CharacterDeploy",,,,,,,,,,,,,,,"TID_SPELL_ICE_SPIRITS","TID_SPELL_INFO_ICE_SPIRITS",,,,,,,,,
"FireSpirits",,"fire_spirits","TrainingCamp",,"Common",2,,,,,"FireSpirits",3,,,,,,,,,,,,,,,,,"CharacterDeploy",,,,,,,,,,,,,,,"TID_SPELL_FIRE_SPIRITS","TID_SPELL_INFO_FIRE_SPIRITS",,,,,,,,,
"Miner",,"miner","TrainingCamp",,"Legendary",3,,,,,"Miner",,,,,,,,,,,,,,,,,,"CharacterDeploy",,,,,,,,,,,"true","TRUE",,,"TID_SPELL_MINER","TID_SPELL_INFO_MINER",,,,,,,,,
"ZapMachine",,"zapMachine","TrainingCamp",,"Legendary",6,,,,,"ZapMachine",,,,,,,,,,,,,,,,,,"CharacterDeploy",,,,,,,,,"true",,,,,,"TID_SPELL_ZAPMACHINE","TID_SPELL_INFO_ZAPMACHINE",,,,,,,,,
"Bowler",,"bowler","TrainingCamp",,"Epic",5,,,,,"Bowler",,,,,,,,,,,,,,,,,,"CharacterDeploy",,,,,,,,,,,,,,,"TID_SPELL_BOWLER","TID_SPELL_INFO_BOWLER",,,,,,,,,
"RageBarbarian",,"rage_barbarian","TrainingCamp",,"Legendary",4,,,,,"RageBarbarian",1,,,,,,,,,,,,,,,,,"CharacterDeploy",,,,,,,,,,,,,,,"TID_SPELL_RAGE_BARBARIAN","TID_SPELL_INFO_RAGE_BARBARIAN",,,,,,,,,
"BattleRam",,"battle_ram","TrainingCamp",,"Rare",4,,,,,"BattleRam",1,,,,,,,,,,,,,,,,,"CharacterDeploy",,,,,,,,,,,,,,,"TID_SPELL_BATTLE_RAM","TID_SPELL_INFO_BATTLE_RAM",,,,,,,,,
"InfernoDragon",,"inferno_dragon","TrainingCamp",,"Legendary",4,,,,,"InfernoDragon",1,,,,,,,,,,,,,,,,,"CharacterDeploy",,,,,,,,,,,,,,,"TID_SPELL_INFERNO_DRAGON","TID_SPELL_INFO_INFERNO_DRAGON",,,,,,,,,
"IceGolemite",,"ice_golem","TrainingCamp",,"Rare",2,,,,,"IceGolemite",1,,,,,,,,,,,,,,,,,"CharacterDeploy",,,,,,,,,,,,,,,"TID_SPELL_ICEGOLEMITE","TID_SPELL_INFO_ICEGOLEMITE",,,,,,,,,
"MegaMinion",,"mega_minion","TrainingCamp",,"Rare",3,,,,,"MegaMinion",1,,,,,,,,,,,,,,,,,"CharacterDeploy",,,,,,,,,,,,,,,"TID_SPELL_MEGAMINION","TID_SPELL_INFO_MEGAMINION",,,,,,,,,
"BlowdartGoblin",,"blowdart_goblin","TrainingCamp",,"Rare",3,,,,,"BlowdartGoblin",1,,,,,,,,,,,,,,,,,"CharacterDeploy",,,,,,,,,,,,,,,"TID_SPELL_BLOWDART_GOBLIN","TID_SPELL_INFO_BLOWDART_GOBLIN",,,,,,,,,
"GoblinGang",,"goblin_gang","TrainingCamp",,"Common",3,,,,,"Goblin",3,,"SpearGoblin",2,1000,,,,,,,,,,,,,"CharacterDeploy",,,,,,,,,,,,,,,"TID_SPELL_GOBLIN_GANG","TID_SPELL_INFO_GOBLIN_GANG",,,,,,,,,
"ElectroWizard",,"electro_wizard","TrainingCamp",,"Legendary",4,,,,,"ElectroWizard",1,,,,,,,,2500,,,,,,,,,"CharacterDeploy",,,,,,,,,,,,,,,"TID_SPELL_ELECTRO_WIZARD","TID_SPELL_INFO_ELECTRO_WIZARD",,,,,,,,,
"AngryBarbarians",,"angry_barbarian","TrainingCamp",,"Common",6,,,,,"AngryBarbarian",2,,,,700,,,,,,,,,,,,,"CharacterDeploy",,,,,,,,,,,,,,,"TID_SPELL_ANGRY_BARBARIANS","TID_SPELL_INFO_ANGRY_BARBARIANS",,,,,,,,,
"Hunter","sc/ui_spell_hunter.sc","hunter","TrainingCamp",,"Epic",4,,,,,"Hunter",1,,,,,,,,,,,,,,,,,"CharacterDeploy",,,,,,,,,,,,,,,"TID_SPELL_HUNTER","TID_SPELL_INFO_HUNTER",,,,,,,,,
"AxeMan",,"executioner","TrainingCamp",,"Epic",5,,,,,"AxeMan",1,,,,,,,,,,,,,,,,,"CharacterDeploy",,,,,,,,,,,,,,,"TID_SPELL_AXEMAN","TID_SPELL_INFO_AXEMAN",,,,,,,,,
"Assassin",,"bandit","TrainingCamp",,"Legendary",3,,,,,"Assassin",1,,,,,,,,,,,,,,,,,"CharacterDeploy",,,,,,,,,,,,,,,"TID_SPELL_ASSASSIN","TID_SPELL_INFO_ASSASSIN",,,,,,,,,
"NOTINUSESC10",,"knight","TrainingCamp",,"Common",3,,"TRUE",,,"Knight",,,,,,,,,,,,,,,,,,"CharacterDeploy",,,,,,,,,,,,,,,"TID_SPELL_KNIGHT","TID_SPELL_INFO_KNIGHT",,,,,,,,,
"DarkWitch",,"dark_witch","TrainingCamp",,"Legendary",4,,,,,"DarkWitch",1,,,,,,,,,,,,,,,,,"CharacterDeploy",,,,,,,,,,,,,,,"TID_SPELL_DARK_WITCH","TID_SPELL_INFO_DARK_WITCH",,,,,,,,,
"Bats",,"bats","TrainingCamp",,"Common",2,,,,,"Bat",5,,,,750,,,,,,,,,,,,,"CharacterDeploy",,,,,,,,,,,,,,,"TID_SPELL_BATS","TID_SPELL_INFO_BATS",,,,,,,,,
"Ghost","sc/ui_spell_ghost.sc","ghost","TrainingCamp",,"Legendary",3,,,,,"Ghost",1,,,,,,,,,,,,,,,,,"CharacterDeploy",,,,,,,,,,,,,,,"TID_SPELL_GHOST","TID_SPELL_INFO_GHOST",,,,,,,,,
"NOTINUSESC11",,"knight","TrainingCamp",,"Common",3,,"TRUE",,,"Knight",,,,,,,,,,,,,,,,,,"CharacterDeploy",,,,,,,,,,,,,,,"TID_SPELL_KNIGHT","TID_SPELL_INFO_KNIGHT",,,,,,,,,
"MiniSparkys","sc/ui_spell_zappies.sc","zappies","TrainingCamp",,"Rare",4,,,,,"MiniZapMachine",3,,,,1000,100,,,,,,,,,,,,"CharacterDeploy",,,,,,,,,"true",,,,,,"TID_SPELL_MINI_ZAPMACHINE","TID_SPELL_INFO_MINI_ZAPMACHINE",,,,,,,,,
"NOTINUSESC5",,"knight","TrainingCamp",,"Common",3,,"TRUE",,,"Knight",,,,,,,,,,,,,,,,,,"CharacterDeploy",,,,,,,,,,,,,,,"TID_SPELL_KNIGHT","TID_SPELL_INFO_KNIGHT",,,,,,,,,
"MovingCannon",,"cannon_cart","TrainingCamp",,"Epic",5,,,,,"MovingCannon",1,,,,,,,,,,,,,,,,,"CharacterDeploy",,,,,,,,,,,,,,,"TID_SPELL_MOVING_CANNON","TID_SPELL_INFO_MOVING_CANNON",,,,,,,,,
"MegaKnight",,"mega_knight","TrainingCamp",,"Legendary",7,,,,,"MegaKnight",1,,,,,,,,,,"MegaKnightAppear",,,,,,,"CharacterDeploy",,,,,,,,,,,,,,,"TID_SPELL_MEGAKNIGHT","TID_SPELL_INFO_MEGAKNIGHT",,,,,,,,,
"SkeletonBalloon",,"skeleton_balloon","TrainingCamp",,"Common",3,,,,,"SkeletonBalloon",1,,,,,,,,,3000,,,,,,,,"CharacterDeploy",,,,,,,,,,,,,,,"TID_SPELL_SKELETON_BALLOON","TID_SPELL_INFO_SKELETON_BALLOON",,,,,,,,,
"DartBarrell",,"flying_machine","TrainingCamp",,"Rare",4,,,,,"DartBarrell",1,,,,,,,,,3000,,,,,,,,"CharacterDeploy",,,,,,,,,,,,,,,"TID_SPELL_DART_BARRELL","TID_SPELL_INFO_DART_BARRELL",,,,,,,,,
"NOTINUSESC6",,"knight","TrainingCamp",,"Common",3,,"TRUE",,,"Knight",,,,,,,,,,,,,,,,,,"CharacterDeploy",,,,,,,,,,,,,,,"TID_SPELL_KNIGHT","TID_SPELL_INFO_KNIGHT",,,,,,,,,
"NOTINUSESC7",,"knight","TrainingCamp",,"Common",3,,"TRUE",,,"Knight",,,,,,,,,,,,,,,,,,"CharacterDeploy",,,,,,,,,,,,,,,"TID_SPELL_KNIGHT","TID_SPELL_INFO_KNIGHT",,,,,,,,,
"NOTINUSESC9",,"knight","TrainingCamp",,"Common",3,,"TRUE",,,"Knight",,,,,,,,,,,,,,,,,,"CharacterDeploy",,,,,,,,,,,,,,,"TID_SPELL_KNIGHT","TID_SPELL_INFO_KNIGHT",,,,,,,,,
"NOTINUSESC8",,"knight","TrainingCamp",,"Common",3,,"TRUE",,,"Knight",,,,,,,,,,,,,,,,,,"CharacterDeploy",,,,,,,,,,,,,,,"TID_SPELL_KNIGHT","TID_SPELL_INFO_KNIGHT",,,,,,,,,
"REPLACEEA",,"knight","TrainingCamp",,"Common",3,,"TRUE",,,"Knight",,,,,,,,,,,,,,,,,,"CharacterDeploy",,,,,,,,,,,,,,,"TID_SPELL_KNIGHT","TID_SPELL_INFO_KNIGHT",,,,,,,,,
